,Unnamed: 0,제목,방송사,방영요일,회차,방영시기,연출,극본,배우1,배우2,배우3,배우4,배우5,이전작품,이전작 최고 시청률,드라마 평균 순위,최고 시청률,평균 시청률,ost종아요수,드라마 소개
0,0,리턴,SBS,"수, 목",34부작, 2018.1.17~3.22,주동민,최경미,박진희,이진욱,신성록,봉태규,박기웅,이판사판,8.2%,3.588235294,17.4,13.67941176,1914,"도로 위 의문의 시신! 살인 용의자로 떠오른 4명의 상류층, TV 리턴쇼 진행자 최자혜 변호사가 촉법소년 출신 독고영 형사와 함께 살인 사건의 진실을 파헤쳐 나가는 사회파 스릴러"
1,1,하얀거탑,MBC,"토, 일",20부작, 2007.1.6~3.11,안판석,이기원,김명민,이선균,차인표,송선미,김보경,환상의 커플,21.4%,6.4,20.8,14.16,298,대학 병원을 배경으로 한 천재 의사의 야망을 향한 끝없는 질주와 그 종말을 그린 드라마
2,2,마더,tvN,"수, 목",16부작, 2018.1.24~3.15,윤현기,정서경,이보영,허율,이혜영,남기애,이재윤,슬기로운 감빵생활,11.2%,1.0,4.974,3.4608125,20455,"세상 사람들이 손가락질 하고 아무리 둘 사이를 갈라 놓으려 해도, 꽉 잡은 두 손 놓지 않고 천천히 엄마와 딸이 되어가는 과정을 그린 드라마"
3,3,라디오 로맨스,KBS2,"월, 화",16부작, 2018.1.29~3.20,황승기,전유리,윤두준,김소현,윤박,유라,하준,저글러스,9.9%,9.125,5.6,4.0125,15560,대본에 특화됐던 톱스타가 라디오 DJ가 되면서 벌어지는 이야기를 그리는 드라마
4,4,크로스,tvN,"월, 화",16부작, 2018.1.29~3.20,신용휘,최민석,고경표,조재현,전소민,진이한,양진성,막돼먹은 영애씨 시즌16,3.6%,1.0,4.733,3.7996875,3142,병원과 교도소를 넘나들며 복수심을 키우는 천재 의사 강인규와 그의 분노까지 품은 휴머니즘 의사 고정훈이 만나 서로의 삶을 송두리째 뒤흔드는 예측불허 사건들이 연쇄적으로 벌어지는 이야기를 담은 드라마
5,5,미스티,JTBC,"금, 토",16부작, 2018.2.2~3.24,모완일,제인,김남주,지진희,전혜진,임태경,고준,언터처블,4.0%,1.0,8.452,6.332625,15344,"살인사건의 용의자로 지목된 대한민국 최고의 앵커. 그녀의 변호인이 된 남편.그들이 믿었던 사랑, 그 민낯을 보여주는 격정 미스테리 멜로"
6,6,착한마녀전,SBS,토,40부작, 2018.3.3~5.5,오세강,윤영미,이다해,이다해,류수영,안우연,혜정,브라보 마이 라이프,8.9%,5.2,11.7,7.675,667,‘마녀’와 ‘호구’ 사이를 아슬아슬 넘나드는 ‘천사표 아줌마’의 빵 터지는 이중 생활극
7,7,작은 신의 아이들,OCN,"토, 일",16부작, 2018.3.3~4.22,김나영,한우리,강지환,김옥빈,심희섭,이엘리야,장광,,,2.0,3.926,3.065,1242,"'팩트-논리-숫자'만을 믿는 IQ 167 엘리트 형사 천재인, '보지 말아야 할 것'을 보는 신기있는 형사 김단. 전혀 다른 두 사람이 만나 베일에 싸인 거대 조직에 얽힌 음모를 추적하는 이야기를 그린 드라마"
8,8,데릴남편 오작두,MBC,토,24부작, 2018.3.3~5.19,한진선,유윤경,유이,김강우,정상훈,한선화,박정수,돈꽃,23.9%,2.916666667,13.1,10.42083333,697,"극한의 현실을 사는 30대 중반 직장여성이 오로지 결혼한 여자, 유부녀라는 소셜 포지션을 쟁취하려 데릴 남편을 구하면서 시작되는 역주행 로맨스를 그린 드라마"
9,9,대군 - 사랑을 그리다,TV조선,"토, 일",20부작, 2018.3.3~5.6,이승훈,조현경,윤시윤,진세연,주상욱,정우연,남지현,,,1.8,5.627,2.97255,4896,"동생을 죽여서라도 가지고 싶었던 사랑, 이 세상 아무도 다가올 수 없게 만들고 싶었던 그 여자를 둘러싼 그들의 뜨거웠던 욕망과 순정을 그린 드라마"
10,10,라이브,tvN,"토, 일",18부작, 2018.3.10~5.6,김규태,노희경,정유미,이광수,배성우,배종옥,성동일,화유기,6.9%,1.0,7.73,5.797722222,74991,"경찰 지구대에서 일어나는 사건 사고들을 중심으로, 일상의 소중한 가치와 소소한 정의를 지켜가기 위해 노력하는 경찰의 애환과 상처를 다루는 드라마"
11,11,위대한 유혹자,MBC,"월, 화",32부작, 2018.3.12~5.1,이동현,김보연,우도환,박수영,문가영,김민재,전미선,투깝스,9.7%,10.5625,3.6,2.20625,24626,청춘남녀가 인생의 전부를 바치는 것인 줄 모르고 뛰어든 위험한 사랑 게임과 이를 시작으로 펼쳐지는 위태롭고 아름다운 스무 살 유혹 로맨스를 그린 드라마
12,12,"손 꼭 잡고, 지는 석양을 바라보자",MBC,"수, 목",32부작, 2018.3.21~5.10,김성용,정하연,한혜진,윤상현,유인영,김태훈,이나윤,,,10.375,4.5,3.415625,2039,"한 부부가 죽음이라는 위기에 직면하면서 살아온 시간을 돌아보고, 또 잊고 살았던 것들을 하나씩 되짚어보며 서로에 대한 사랑과 가족의 소중함을 그린 드라마"
13,13,나의 아저씨,tvN,"수, 목",16부작, 2018.3.21~5.17,김원석,박해영,이선균,이지은,고두심,박호산,송새벽,마더,5.0%,1.0,7.352,4.9821875,213077,삶의 무게를 버티며 살아가는 아저씨 삼 형제와 거칠게 살아온 한 여성이 서로를 통해 삶을 치유하게 되는 이야기를 그린 드라마
14,14,시를 잊은 그대에게,tvN,"월, 화",16부작, 2018.3.26~5.15,오원택,백선우 외,이유비,이준혁,장동윤,서현철,이채영,크로스,4.7%,4.3125,1.435,1.010875,20068,"의사가 주인공이 아닌 병원 드라마. 물리치료사, 방사선사, 실습생들의 일상을 시(詩)와 함께 그려낸 감성 코믹 드라마"
15,15,밥 잘 사주는 예쁜 누나,JTBC,"금, 토",16부작, 2018.3.30~5.19,안판석,김은,손예진,정해인,장소연,정유진,주민경,미스티,8.5%,1.0,7.281,5.467875,27219,‘그냥 아는 사이’로 지내던 두 남녀가 사랑에 빠지면서 그려가게 될 ‘진짜 연애’에 대한 이야기
16,16,우리가 만난 기적,KBS2,"월, 화",18부작, 2018.4.2~5.29,조웅,백미경,김명민,김현주,라미란,고창석,죠셉 리,라디오 로맨스,5.6%,3.888888889,13.1,10.98333333,3819,대한민국의 평범한 한 가장이 이름과 나이만 같을 뿐 정반대의 삶을 살아온 남자의 인생을 대신 살게 되면서 자신만의 방식으로 주변을 따뜻하게 변화시키는 과정을 담은 판타지 휴먼 멜로 드라마
17,17,슈츠,KBS2,"수, 목",16부작, 2018.4.25~6.14,김진우,김정민,장동건,박형식,진희경,채정안,고성희,추리의 여왕 시즌2,7.8%,4.4375,10.7,8.91875,13994,대한민국 최고 로펌의 전설적인 변호사와 괴물 같은 기억력을 탑재한 가짜 신입 변호사의 브로맨스를 그린 드라마
18,18,미스트리스,OCN,"토, 일",12부작, 2018.4.28~6.3,한지승,김진욱,한가인,신현빈,최희서,구재이,이희준,작은 신의 아이들,3.9%,3.727272727,1.642,1.237083333,657,30대에 접어든 대학시절 친구들이 다시 만나 겪는 사랑과 우정에 대한 이야기를 그린 프로그램
19,19,기름진 멜로,SBS,"월, 화",38부작, 2018.5.7~7.17,함준호,서숙향,이준호,장혁,정려원,이미숙,박지영,키스 먼저 할까요?,12.5%,7.657894737,9.3,6.210526316,15427,달궈진 웍 안의 펄펄 끓는 기름보다 더 뜨거운 세 남녀의 진한 연애담으로 침샘까지 깊이 자극하는 로코믹 주방 활극. 경고 '절대 빈속으로 보지 말 것'
20,20,무법 변호사,tvN,"토, 일",16부작, 2018.5.12~7.1,김진민,윤현호,이준기,서예지,이혜영,최민수,김병희,라이브(Live),7.7%,1.0,8.937,6.13425,1820,법을 믿지 않고 주먹을 쓰던 무법 변호사가 어머니의 복수를 위해 정의의 법정에 서는 내용으로 무소불위의 권력에 맞서는 혈혈단신 변호사의 이야기를 그린 드라마
21,21,시크릿 마더,SBS,토,32부작, 2018.5.12~7.7,박용순,황예진,송윤아,김소연,김태우,송재림,차화연,착한마녀전,11.7%,6.741935484,8.1,5.970967742,1982,"아들 교육에 올인한 강남 열혈맘의 집에 의문의 입시 보모가 들어오면서 벌어지는 워맨스 스릴러로, 적인지 동지인지 모를 두 여인의 시크릿 한 우정과 위기가 예측불허하게 펼쳐지는 내용의 드라마"
22,22,이리와 안아줘,MBC,"수, 목",32부작, 2018.5.16~7.19,최준배,이아람,장기용,진기주,허준호,남다름,류한비,"손 꼭 잡고, 지는 석양을 바라보자",4.5%,7.9375,5.9,4.496875,10848,"한 살인사건으로 인해 엇갈린 삶을 살게 된 남녀의 기구한 운명을 그리며, 불완전한 관계 속에서 희망을 찾아가는 사람들의 이야기를 그린 드라마"
23,23,미스 함무라비,JTBC,"월, 화",16부작, 2018.5.21~7.16,곽정환,문유석,고아라,김명수,성동일,류덕환,이엘리야,으라차차 와이키키,2.2%,1.0,5.333,4.401375,3763,"강한 자에게 강하고 약한 자에게 약한 법원을 꿈꾸는 이상주의 열혈 초임 판사, 섣부른 선의보다 원리원칙이 최우선인 초엘리트 판사, 세상의 무게를 아는 현실주의 부장 판사, 달라도 너무 다른 세 명의 재판부가 펼치는 生리얼 초밀착 법정 드라마"
24,24,훈남정음,SBS,"수, 목",32부작, 2018.5.23~7.19,김유진,이재윤,남궁민,황정음,최태준,오윤아,조달환,스위치 - 세상을 바꿔라,7.9%,9.34375,5.3,3.615625,4957,사랑을 거부하는 비연애주의자 '훈남'과 사랑을 꿈꾸지만 팍팍한 현실에 연애포기자가 된 '정음'이 연애불능 회원들의 솔로 탈출을 도와주다가 사랑에 빠져버린 코믹 로맨스
25,25,스케치,JTBC,"금, 토",16부작, 2018.5.25~7.14,임태우,강현성,정지훈,이동건,이선빈,정진영,강신일,밥 잘 사주는 예쁜 누나,7.3%,1.0,3.682,2.802,300,정해진 미래를 바꾸기 위해 고군분투하는 이들의 운명과 사랑을 담은 수사 액션 드라마
26,26,이별이 떠났다,MBC,토,40부작, 2018.5.26~8.4,김민식,소재원,채시라,조보아,이성재,이준영,정혜영,데릴남편 오작두,13.1%,4.8,10.6,7.4725,8366,"50대와 20대, 기혼과 미혼 등 너무나도 다른 두 여자의 동거를 통해 남편의 애인과의 갈등, 결혼과 임신으로 ‘나’를 내려놓게 되는 현실 등을 풀어내는 이야기를 그린 드라마"
27,27,너도 인간이니?,KBS2,"월, 화",36부작, 2018.6.4~8.7,윤종호,조정주,서강준,서강준,공승연,이준혁,박환희,,,8.777777778,9.9,5.480555556,16360,"""너도 인간이니?”라고 묻고 싶은 세상, 인간보다 더 인간다운 인공지능 로봇 남신Ⅲ와 열혈 경호원 강소봉이 펼치는 대국민 인간사칭 프로젝트"
28,28,김비서가 왜 그럴까,tvN,"수, 목",16부작, 2018.6.6~7.26,박준화,최보림,박서준,박민영,이태환,김병옥,김혜옥,나의 아저씨,7.4%,1.0,8.665,7.446375,30859,"재력, 얼굴, 수완까지 모든 것을 다 갖췄지만 자기애로 똘똘 뭉친 나르시시스트 부회장과 그를 완벽하게 보좌해온 비서의 퇴사밀당 로맨스"
29,29,라이프 온 마스,OCN,"토, 일",16부작, 2018.6.9~8.5,김나영,이대일,정경호,박성웅,고아성,오대환,노종현,미스트리스,1.6%,2.0,5.851,3.9881875,1980,"꿈인지 현실인지 알 수 없는 1988년, 기억을 찾으려는 2018년 형사가 1988년 형사와 만나 벌이는 신나는 복고 수사극 드라마"
30,30,당신의 하우스헬퍼,KBS2,"수, 목",32부작, 2018.7.4~8.29,임세준,황영아,하석진,김지연,이지훈,고원희,서은아,슈츠,10.7%,9.84375,4.5,3.253125,1357,완벽한 남자 하우스헬퍼가 머릿속도 집도 엉망이 된 여자들의 살림과 복잡한 인생까지 프로페셔널하게 비워내고 정리해주는 '라이프 힐링' 드라마
31,31,미스터 션샤인,tvN,"토, 일",24부작, 2018.7.7~9.30,이응복,김은숙,이병헌,김태리,유연석,김민정,변요한,무법 변호사,8.9%,1.0,18.129,12.95495833,70876,"신미양요(1871년)때 군함에 승선해 미국에 떨어진 한 소년이 미국 군인 신분으로, 자신을 버린 조국인 조선으로 와 주둔하며 벌어지는 일을 그린 드라마"
32,32,그녀로 말할 것 같으면,SBS,토,40부작, 2018.7.14~9.29,박경렬,박언희,남상미,김재원,조현재,이미숙,한다감,시크릿 마더,8.1%,5.1,12.7,7.895,1733,"살기 위해 인생을 걸고 페이스오프급 성형수술을 감행했지만, 수술 후유증으로 기억을 잃고 만 한 여자가 조각난 기억의 퍼즐들을 맞추며 펼쳐가는 달콤 살벌한 미스터리 멜로드라마"
33,33,라이프,JTBC,"월, 화",16부작, 2018.7.23~9.11,임현욱,이수연,이동욱,조승우,원진아,이규형,유재명,미스 함무라비,5.3%,1.0,5.561,4.7346875,78905,"우리 몸 속에서 일어나는 격렬한 항원항체 반응처럼, 지키려는 자와 바꾸려는 자의 신념이 병원 안 여러 군상 속에서 충돌하는 의학드라마"
34,34,사생결단 로맨스,MBC,"월, 화",32부작, 2018.7.23~9.17,이창한,허승민,지현우,이시영,한승원,윤주희,선우선,검법남녀,9.6%,11.3125,4.1,2.815625,15682,호르몬 집착녀 내분비내과 의사가 미스터리 승부욕의 화신 신경외과 의사를 연구대상으로 찜 하면서 벌어지는 호르몬 집중 탐구 로맨스를 그린 드라마
35,35,서른이지만 열일곱입니다,SBS,"월, 화",32부작, 2018.7.23~9.18,조수원,조성희,신혜선,양세종,안효섭,예지원,조현식,기름진 멜로,9.3%,3.6875,11.0,8.984375,8714,열일곱에 코마에 빠져 서른이 돼 깨어난 '멘탈 피지컬 부조화女'와 세상과 단절하고 살아온 '차단男'. 이들의 서른이지만 열일곱같은 애틋하면서도 코믹한 로코
36,36,친애하는 판사님께,SBS,"수, 목",32부작, 2018.7.25~9.20,부성철,천성일,윤시윤,이유영,윤시윤,박병은,권나라,훈남정음,5.3%,4.90625,8.6,6.959375,6963,"전과 5범 한강호, ‘친애하는 판사님’ 되다! 실종된 형을 대신해 전과 5범 한강호가 판사가 되어 법정에 서게 된다. ‘실전 법률’을 바탕으로 법에 없는 통쾌한 판결을 시작하는 얼렁뚱땅 불량 판사 성장기!"
37,37,시간,MBC,"수, 목",32부작, 2018.7.25~9.20,장준호,최호철,김정현,서현,김준한,황승언,최종환,이리와 안아줘,5.9%,9.0625,4.7,3.48125,2381,생의 마지막 시간을 보내는 한 남자가 자신 때문에 인생이 망가진 여자를 위해 모든 것을 바치며 사투를 벌이는 이야기를 그린 드라마
38,38,마녀의 사랑,MBN,"수, 목",12부작, 2018.7.25~8.30,박찬율,손은혜,윤소희,현우,홍빈,김영옥,고수희,리치맨,1.9%,1.75,2.255,1.260666667,235,"과학과 경제의 논리가 낭만과 로맨스보다 우선되는 세상에서 '멸종'되지 않고 버티고 있는 '마녀'들의 이야기를 통해 잃어버린 소중한 감정, 가치들을 다시 떠올리게 만드는 미스터리 코믹 연애 소란극"
39,39,내 아이디는 강남미인,JTBC,"금, 토",16부작, 2018.7.27~9.15,최성범,최수영,임수향,차은우,조우리,곽동연,박주미,스케치,3.7%,1.0,5.753,4.2498125,13785,"어릴적부터 ‘못생김’으로 놀림을 받았고, 그래서 성형수술로 새 삶을 얻을 줄 알았던 여자 ‘미래’가 대학 입학 후 꿈꿔왔던 것과는 다른 캠퍼스 라이프를 겪게 되면서 진짜 아름다움을 찾아가는 예측불허 내적 성장 드라마"
40,40,아는 와이프,tvN,"수, 목",16부작, 2018.8.1~9.20,이상엽,양희승,지성,한지민,강한나,박희본,오의식,김비서가 왜 그럴까,8.7%,1.0,8.21,6.816125,42263,한번의 선택으로 달라진 현재를 살게 된 운명적인 러브스토리를 그린 드라마
41,41,러블리 호러블리,KBS2,"월, 화",32부작, 2018.8.13~10.2,지병현,박민주,박시후,송지효,이기광,함은정,최여진,너도 인간이니?,9.9%,8.59375,6.2,3.746875,13565,운명을 공유하는 한 남녀가 톱스타와 드라마 작가로 만나면서 일어나는 기이한 일들을 그린 호러 로맨틱 코미디 드라마
42,42,오늘의 탐정,KBS2,"수, 목",32부작, 2018.9.5~10.31,강수연,한지완,최다니엘,박은빈,이지아,김원해,이재균,당신의 하우스헬퍼,4.5%,10.59375,4.4,2.665625,20819,귀신 탐정 이다일과 열혈 조수 정여울이 의문의 여인 선우혜와 마주치며 기괴한 사건 속으로 빠져드는 神본격호러스릴러
43,43,백일의 낭군님,tvN,"월, 화",16부작, 2018.9.10~10.30,이종재,노지설,도경수,남지현,조성하,조한철,오연아,식샤를 합시다 3 : 비긴즈,3.2%,1.125,14.412,9.013375,75927,완전무결 왕세자에서 졸지에 무쓸모남으로 전락한 원득과 조선 최고령 원녀 홍심의 전대미문 100일 로맨스를 그린 드라마
44,44,손 the guest,OCN,"수, 목",16부작, 2018.9.12~11.1,김홍선,서재원,김동욱,김재욱,정은채,이원종,박호산,,,1.9375,4.073,3.0201875,4607,"한국 사회 곳곳에서 기이한 힘에 의해 벌어지는 범죄에 맞선 영매와 사제, 형사의 이야기를 그린 드라마"
45,45,내 뒤에 테리우스,MBC,"수, 목",32부작, 2018.9.27~11.15,박상우,오지영,소지섭,정인선,손호준,임세미,양동근,시간,4.7%,5.46875,10.5,8.46875,4230,사라진 전설의 블랙 요원과 운명처럼 첩보 전쟁에 뛰어든 앞집 여자의 수상쩍은 환상의 첩보 콜라보를 그린 드라마
46,46,제3의 매력,JTBC,"금, 토",16부작, 2018.9.28~11.17,표민수,박은영,서강준,이솜,양동근,이윤지,민우혁,내 아이디는 강남미인,5.8%,1.0,3.374,2.5825,23942,특별하지 않지만 내 눈에는 반짝거리는 서로의 제3의 매력에 빠진 두 남녀가 스물의 봄·스물일곱의 여름·서른둘의 가을과 겨울을 함께 통과하는 연애의 사계절을 그릴 12년의 연애 대서사시
47,47,플레이어,OCN,"토, 일",14부작, 2018.9.29~11.11,고재현,신재형,송승헌,정수정,이시언,태원석,김원해,보이스 시즌2,7.1%,1.571428571,5.803,4.487928571,2714,"사기꾼, 드라이버, 해커, 파이터까지, 각 분야 최고의 플레이어들이 뭉쳐 가진 놈들이 불법으로 모은 더러운 돈을 찾아 터는 유쾌·통쾌 머니 스틸 액션 드라마"
48,48,여우각시별,SBS,"월, 화",32부작, 2018.10.1~11.26,신우철,강은경,이제훈,채수빈,이동건,김지수,김경남,서른이지만 열일곱입니다,11.0%,5.0625,9.7,8.0125,9414,비밀을 가진 의문의 신입과 애틋한 사연을 가진 사고뭉치 1년차가 인천공항 내 사람들과 부딪히면서 서로의 결핍과 상처를 보듬는 휴먼멜로
49,49,뷰티 인사이드,JTBC,"월, 화",16부작, 2018.10.1~11.20,남기훈,임메아리,서현진,이민기,이다희,안재현,이태리,라이프,5.6%,1.0,5.317,4.1918125,172771,한 달에 일주일 타인의 얼굴로 살아가는 여자와 일 년 열두 달 타인의 얼굴을 알아보지 못하는 남자의 조금은 특별한 쌩판 초면 로맨스
50,50,배드파파,MBC,"월, 화",32부작, 2018.10.1~11.27,진창규,김성민,장혁,손여은,신은수,하준,김재경,사생결단 로맨스,4.1%,10.8125,4.0,2.740625,1793,좋은 아빠가 되기 위해 나쁜 인간이 되길 택하는 중년 가장의 고군분투를 그린 드라마
51,51,하늘에서 내리는 일억개의 별,tvN,"수, 목",16부작, 2018.10.3~11.22,유제원,송혜진,서인국,정소민,박성웅,고민시,유재명,,,1.5,3.996,2.8760625,10700,"괴물이라 불린 위험한 남자 무영과 그와 같은 상처를 가진 여자 진강, 그리고 무영에 맞서는 그녀의 오빠 진국에게 찾아온 충격적 운명의 미스터리 멜로 드라마"
52,52,나인룸,tvN,"토, 일",16부작, 2018.10.6~11.25,지영수,정성희,김희선,김해숙,김영광,오대환,강신일,미스터 션샤인,18.1%,1.375,6.155,4.4574375,310,"희대의 악녀 사형수 장화사와 운명이 바뀐 안하무인 변호사 을지해이, 그리고 운명의 열쇠를 쥔 남자 기유진의 인생리셋 복수를 그린 드라마"
53,53,최고의 이혼,KBS2,"월, 화",32부작, 2018.10.8~11.27,유현기,문정민,차태현,배두나,이엘,손석구,문숙,러블리 호러블리,6.2%,9.375,4.5,3.375,2538,"'결혼은 정말 사랑의 완성일까?'라는 물음에서 시작해, 사랑, 결혼, 가족에 대한 남녀의 생각 차이를 유쾌하고 솔직하게 그리는 러브 코미디 드라마"
54,54,열두밤,채널A,금,12부작, 2018.10.12~12.28,정헌수,황숙미,한승연,신현수,장현성,유준홍,황재원,,,5.0,0.608,0.353,1344,세 번의 여행 동안 열두 번의 밤을 함께 보내는 두 남녀의 여행 로맨스 드라마
55,55,설렘주의보,MBN,"수, 목",16부작, 2018.10.31~12.20,조창완,김신혜,천정명,윤은혜,한고은,주우재,피오,마성의 기쁨,2.2%,1.0,2.796,1.7978125,1914,독신주의 철벽남인 스타닥터 차우현과 연애 지상주의자인 톱 여배우 윤유정이 각자의 말 못 할 속사정으로 가짜 스캔들을 만들어 내면서 벌어지는 예측불허 위장 로맨스 드라마
56,56,계룡선녀전,tvN,"월, 화",16부작, 2018.11.5~12.25,김윤철,유경선,문채원,고두심,윤현민,서지훈,전수진,백일의 낭군님,14.4%,1.0,5.628,3.7798125,4384,전래동화 '선녀와 나무꾼' 비하인드가 궁금해? 699년 동안 계룡산에서 나무꾼의 환생을 기다리며 바리스타가 된 선녀 선옥남이 '정이현과 김금' 두 남자를 우연히 만나면서 벌어지는 이야기를 그린 드라마
57,57,죽어도 좋아,KBS2,"수, 목",32부작, 2018.11.7~12.27,최윤석,임서라,강지환,백진희,공명,류현경,김민재,오늘의 탐정,4.4%,11.46875,4.0,2.69375,9002,안하무인 '백진상' 팀장과 그를 개과천선 시키려는 '이루다' 대리의 대환장 오피스 격전기를 담은 드라마
58,58,톱스타 유백이,tvN,금,11부작, 2018.11.16~2019.1.25,유학찬,이시은,김지석,전소민,이상엽,예수정,김현,빅 포레스트,2.2%,1.363636364,3.094,2.466636364,2009,대형사고를 쳐 외딴섬에 유배 간 톱스타 '유백'이 슬로 라이프의 섬 여즉도 처녀 '깡순'을 만나 벌어지는 문명충돌 로맨스를 그린 드라마
59,59,붉은 달 푸른 해,MBC,"수, 목",32부작, 2018.11.21~2019.1.16,강희주,도현정,김선아,이이경,남규리,차학연,나영희,내 뒤에 테리우스,10.5%,9.4375,6.0,4.746875,3607,"의문의 아이, 의문의 사건과 마주한 한 여자가 시(詩)를 단서로 진실을 추적하는 미스터리 스릴러 드라마"
60,60,SKY 캐슬,JTBC,"금, 토",20부작, 2018.11.23~2019.2.1,조현탁,유현미,염정아,정준호,이태란,최원영,윤세아,제3의 매력,3.4%,1.0,23.779,12.50045,83618,"대한민국 상위 0.1%가 모여 사는 SKY 캐슬 안에서 남편은 왕으로, 제 자식은 천하제일 왕자와 공주로 키우고 싶은 명문가 출신 사모님들의 처절한 욕망을 샅샅이 들여다보는 리얼 코믹 풍자극"
61,61,프리스트,OCN,"토, 일",16부작, 2018.11.24~2019.1.20,김종현,문만세,연우진,정유미,박용우,이영석,문숙,플레이어,5.8%,2.933333333,2.487,1.9123125,740,2018년 남부 카톨릭 병원에서 벌어지는 초현실적 현상들! 소중한 사람들을 지키기 위해 힘을 합친 의사와 엑소시스트의 메디컬 엑소시즘 드라마
62,62,일단 뜨겁게 청소하라,JTBC,월,16부작, 2018.11.26~2019.2.4,노종찬,한희정,윤균상,김유정,송재림,김혜은,안석환,뷰티 인사이드,5.3%,1.5625,3.574,2.8099375,11567,청결이 목숨보다 중요한 꽃미남 청소업체 CEO 장선결과 청결보다 생존이 먼저인 열정 만렙 취준생 길오솔이 만나 펼치는 ‘무균무때’ 힐링 로맨스
63,63,남자친구,tvN,"수, 목",16부작, 2018.11.28~2019.1.24,박신우,유영아,송혜교,박보검,장승조,문성근,남기애,하늘에서 내리는 일억개의 별,4.0%,1.0,10.329,8.475375,23503,"다 가진 것처럼 보이는 여자와 아무것도 가진 게 없는 평범한 남자, 부와 명예를 버리는게 어려운지 평범한 일상을 내놓는게 어려운 일인지에 대해 그린 드라마"
64,64,알함브라 궁전의 추억,tvN,"토, 일",16부작, 2018.12.1~2019.1.20,안길호,송재정,현빈,박신혜,박훈,김용림,찬열,나인룸,6.2%,1.0,10.025,8.433875,16059,투자회사 대표 유진우가 스페인 그라나다에 방문해 여주인공 정희주가 운영하는 오래된 호스텔에 묵으면서 기묘한 사건에 휘말리는 이야기를 그린 드라마
65,65,운명과 분노,SBS,토,40부작, 2018.12.1~2019.2.9,정동윤,이제인 외,주상욱,이민정,소이현,이기우,고인범,미스 마:복수의 여신,9.1%,8.325,9.3,6.3225,773,"운명을 바꾸기 위해 한 남자를 사랑하는 여자와 운명인 줄 알고 그 여자를 사랑하는 남자, 목적을 위해 남자를 차지하려는 여자와 복수심에 차 그 여자를 되찾으려는 남자 등 네 남녀의 엇갈리는 사랑과 분노를 담은 현실성 강한 격정 멜로"
66,66,커피야 부탁해,채널A,"토, 일",12부작, 2018.12.1~12.30,박수철,이아연,용준형,김민영,채서진,이태리,길은혜,,,7.75,0.618,0.395166667,1232,마법의 커피를 마신 뒤 미녀가 되어 짝사랑을 이루려는 평범한 웹툰 보조 작가와 사랑 따윈 믿지 않는 훈남 웹툰 작가의 아슬아슬한 로맨틱 코미디 드라마
67,67,땐뽀걸즈,KBS2,"월, 화",16부작, 2018.12.3~12.25,박현석,권혜지,김갑수,박세완,장동윤,이주영,장현성,최고의 이혼,4.5%,12.1875,3.5,2.275,1172,구조조정이 한창인 쇠락하는 조선업의 도시 거제에서 ‘땐’스 스‘뽀’츠를 추는 여상아이들을 그린 성장드라마
68,68,복수가 돌아왔다,SBS,"월, 화",32부작, 2018.12.10~2019.2.4,함준호,김윤영,유승호,조보아,곽동연,김동영,박아인,여우각시별,9.7%,8.3125,8.1,5.315625,7877,"학교 폭력 가해자로 몰려 부당하게 퇴학을 당한 강복수가, 어른이 돼 학교로 다시 돌아가 복수를 계획하지만, 복수는 고사하고 또다시 사건에 휘말리고 사랑도 다시 하는 엉뚱하면서 따뜻한 감성 로맨스"
69,69,왕이 된 남자,tvN,"월, 화",16부작, 2019.1.7~3.4,김희원,신하은,여진구,여진구,이세영,김상경,정혜영,계룡선녀전,5.6%,1.0,10.851,8.4095625,15022,"잦은 변란과 왕위를 둘러싼 권력 다툼에 혼란이 극에 달한 조선 중기, 임금 ‘이헌’이 자신의 목숨을 노리는 자들로부터 벗어나기 위해 쌍둥이보다 더 닮은 광대 ‘하선’을 궁에 들여놓으며 펼쳐지는 이야기를 그린 드라마"
70,70,왜그래 풍상씨,KBS2,"수, 목",40부작, 2019.1.9~3.14,진형욱,문영남,유준상,오지호,전혜빈,이시영,차서원,죽어도 좋아,4.0%,4.725,22.7,12.1875,5659,동생 바보로 살아온 중년남자 풍상씨와 등골 브레이커 동생들의 아드레날린 솟구치는 일상과 사건 사고를 통해 가족의 의미를 생각해 볼 드라마
71,71,봄이 오나 봄,MBC,"수, 목",32부작, 2019.1.23~3.21,박승우,이혜선,이유리,엄지원,이종혁,최병모,안세하,붉은 달 푸른 해,6.0%,12.21875,4.3,2.50625,2283,자신밖에 모르는 앵커와 가족에게 헌신하는 배우 출신 국회의원 사모님의 몸이 바뀌면서 두 여인이 진정한 자아를 회복하는 판타지 코미디 드라마
72,72,로맨스는 별책부록,tvN,"토, 일",16부작, 2019.1.26~3.17,김나영,정현정,이나영,이종석,정유진,위하준,김태우,알함브라 궁전의 추억,10.0%,1.0,6.651,5.107533333,41892,"‘책을 만들었는데, 로맨스가 따라왔다?’ 책을 읽지 않는 세상에서 책을 만드는 사람들의 이야기를 담은 로맨틱 코미디 드라마"
73,73,바벨,TV조선,"토, 일",16부작, 2019.1.27~3.24,윤성식,박상욱,박시후,장희진,김해숙,장신영,김지훈,,,1.25,3.713,3.16,1608,복수를 위해 인생을 내던진 검사와 재벌과의 결혼으로 인해 인생이 망가진 여배우의 사랑을 그리는 미스터리 격정 멜로 드라마
74,74,진심이 닿다,tvN,"수, 목",16부작, 2019.2.6~3.28,박준화,최보림,유인나,이동욱,이상우,손성윤,오정세,남자친구,10.3%,1.0,4.736,3.969375,50996,"어느 날, 드라마처럼 로펌에 뚝 떨어진 대한민국 대표 여배우 오윤서가 완벽주의 변호사 권정록을 만나 시작되는 우주여신 위장취업 로맨스를 그린 드라마"
75,75,눈이 부시게,JTBC,"월, 화",12부작, 2019.2.11~3.19,김석윤,김수진,김혜자,한지민,남주혁,손호준,안내상,일단 뜨겁게 청소하라,3.6%,1.0,9.731,6.272333333,4128,"주어진 시간을 다 써보지도 못하고 잃어버린 여자와 누구보다 찬란한 순간을 스스로 내던지고 무기력한 삶을 사는 남자, 같은 시간 속에 있지만 서로 다른 시간을 살아가는 두 남녀의 시간 이탈 로맨스"
76,76,아이템,MBC,"월, 화",32부작, 2019.2.11~4.2,김성욱,정이도,주지훈,진세연,김강우,김유리,박원상,나쁜형사,10.6%,10.29032258,4.9,3.712903226,3542,소중한 사람을 간절하게 지키기 위해 특별한 초능력을 가진 물건들을 둘러싼 음모와 비밀을 파헤쳐 나가는 검사와 프로파일러의 이야기를 담은 미스터리 추적 판타지 드라마
77,77,열혈사제,SBS,"금, 토",40부작, 2019.2.15~4.20,이명우,박재범,김남길,김성균,이하늬,고준,금새록,,,3.3,22.0,16.115,6932,분노조절장애 가톨릭 사제와 구담경찰서 대표 형사가 늙은 신부 살인사건으로 만나 어영부영 공조 수사에 들어가고 만신창이 끝에 일망타진하는 이야기
78,78,슬플 때 사랑한다,MBC,토,40부작, 2019.2.23~4.27,유범상,송정림,지현우,박한별,류수영,왕빛나,박한별,신과의 약속,18.4%,6.205128205,13.0,9.746153846,1000,"'쫓기는 여자, 쫓는 남자, 숨겨준 남자'. 사랑은 흔하나 진짜 사랑은 힘든 시대! 진정한 사랑을 찾아가는 세 남녀의 격정 멜로 드라마"
79,79,빅이슈,SBS,"수, 목",32부작, 2019.3.6~5.2,이동훈,장혁린,주진모,한예슬,김희원,신소율,최송현,황후의 품격,17.9%,9.96875,4.8,3.409375,1106,한 장의 사진으로 나락에 떨어진 전직 사진기자와 그를 파파라치로 끌어들이는 악명 높은 편집장이 펼치는 은밀하고 치열한 파파라치 전쟁기
80,80,빙의,OCN,"수, 목",16부작, 2019.3.6~4.25,최도훈,박희강,송새벽,고준희,연정훈,조한선,박상민,,,1.875,2.65,1.871,1206,사람의 몸에 빙의해 범죄를 저지르는 사악한 영혼을 추적하는 이야기를 그린 드라마
81,81,사이코메트리 그녀석,tvN,"월, 화",16부작, 2019.3.11~4.30,김병수,양진아,박진영,신예은,김권,김다솜,노종현,왕이 된 남자,10.9%,1.0,2.794,2.39475,7535,비밀을 마음 속에 감춘 윤재인과 상대의 비밀을 읽어내는 '사이코메트리' 능력을 지닌 이안의 초능력 로맨스릴러를 그린 드라마
82,82,닥터 프리즈너,KBS2,"수, 목",32부작, 2019.3.20~5.15,송민엽,박계옥,남궁민,권나라,김병철,최원영,이다인,왜그래 풍상씨,22.7%,3.1875,15.8,13.23125,6820,대형병원에서 축출된 외과 에이스 의사 나이제가 교도소 의료과장이 된 이후 펼치는 신개념 감옥X메디컬 서스펜스 드라마
83,83,자백,tvN,"토, 일",16부작, 2019.3.23~5.12,윤현기,임희철,이준호,유재명,신현빈,남기애,최광일,로맨스는 별책부록,6.7%,1.0,6.275,4.7980625,1496,일사부재리(어떤 사건에 대해 판결이 확정되면 다시 재판을 청구할 수 없다는 형사상 원칙)라는 법의 테두리에 가려진 진실을 좇는 이들의 이야기를 그린 드라마
84,84,킬잇,OCN,"토, 일",12부작, 2019.3.23~4.28,안지숙,최명진,장기용,나나,노정의,이재원,정해균,트랩,4.0%,2.833333333,2.757,1.727166667,4717,동물을 살리는 수의사 킬러와 사람을 살리는 형사의 킬러액션 드라마
85,85,더 뱅커,MBC,"수, 목",32부작, 2019.3.27~5.16,이재진,오혜란 외,김상중,채시라,유동근,김태우,안우연,봄이 오나 봄,4.3%,8.15625,7.0,4.0875,1489,대한은행 대기발령 1순위 지점장 노대호가 뜻밖에 본점의 감사로 승진해 '능력치 만렙' 감사실 요원들과 함께 조직의 부정부패 사건들을 파헤치는 금융 오피스 수사극을 그린 드라마
86,86,국민 여러분!,KBS2,"월, 화",36부작, 2019.4.1~5.28,김정현,한정훈,최시원,이유영,김민정,태인호,김의성,동네변호사 조들호 2 : 죄와 벌,9.3%,7.0,8.4,6.158333333,826,얼떨결에 경찰과 결혼한 사기꾼이 원치 않은 사건에 휘말리고 국회의원에 출마하며 벌어지는 코믹 범죄 드라마
87,87,아름다운 세상,JTBC,"금, 토",16부작, 2019.4.5~5.25,박찬홍,김지우,박희순,추자현,오만석,조여정,이청아,리갈하이,3.3%,1.0,5.785,3.7854375,1021,생사의 벼랑 끝에 선 아들과 그 가족들이 아들의 이름으로 진실을 찾아가는 이야기를 담은 드라마
88,88,특별근로감독관 조장풍,MBC,"월, 화",32부작, 2019.4.8~5.28,박원국,김반디,김동욱,김경남,류덕환,박세영,이원종,아이템,4.9%,6.3125,8.7,6.50625,1316,6년차 공무원 조진갑이 고용노동부 근로감독관으로 발령 난 뒤 갑질 악덕 사업주 응징에 나서게 되는 이야기를 그린 통쾌 작렬 풍자 코미디 드라마
89,89,그녀의 사생활,tvN,"수, 목",16부작, 2019.4.10~5.30,홍종찬,김혜영,박민영,김재욱,안보현,정제원,김보라,진심이 닿다,4.7%,1.0,3.085,2.6638125,22211,직장에선 완벽한 큐레이터지만 알고보면 아이돌 덕후인 성덕미가 까칠한 상사 라이언을 만나며 벌어지는 본격 덕질 로맨스를 그린 드라마
90,90,이몽,MBC,토,40부작, 2019.5.4~7.13,윤상호,조규원,이요원,유지태,임주환,남규리,이해영,슬플 때 사랑한다,13.0%,6.6,7.1,4.7325,1359,일제 강점기 조선을 배경으로 일본인 손에 자란 조선인 의사 이영진과 무장한 비밀결사 의열단장 김원봉이 펼치는 첩보 액션 드라마
91,91,초면에 사랑합니다,SBS,"월, 화",32부작, 2019.5.6~6.25,이광영,김아정,김영광,진기주,김재경,구자성,정애리,해치,8.4%,10.21875,4.6,3.34375,5844,"""내가 미친 걸까요. 두 여자를 사랑하고 있어요."" ""내가 나쁜 걸까요. 이 남자를 속이고 있어요."" 얼굴도 모르는 남자와 얼굴을 속이는 여자의 아슬아슬 이중생활 로맨스!"
92,92,어비스,tvN,"월, 화",16부작, 2019.5.6~6.25,유제원,문수연,박보영,안효섭,권수현,이시언,한소희,사이코메트리 그녀석,2.8%,1.0,3.858,2.6618125,5691,"""영혼 소생 구슬"" 어비스를 통해 생전과 180도 다른 '반전 비주얼'로 부활한 두 남녀가 자신을 죽인 살인자를 쫓는 반전 비주얼 판타지를 그린 드라마"
93,93,"단, 하나의 사랑",KBS2,"수, 목",32부작, 2019.5.22~7.11,이정섭,최윤교,신혜선,김명수,이동건,김보미,도지원,,,4.4375,9.4,7.271875,10741,사랑을 믿지 않는 발레리나와 큐피트를 자처한 사고뭉치 천사의 판타스틱 천상로맨스
94,94,봄밤,MBC,"수, 목",32부작, 2019.5.22~7.11,안판석,김은,한지민,정해인,김준한,임성언,주민경,,,5.6875,9.5,6.36875,8580,봄밤은 알고 있다. 당신들이 사랑에 빠지리라는 것을
95,95,바람이 분다,JTBC,"월, 화",16부작, 2019.5.27~7.16,김보경,황주하,감우성,김하늘,김성철,김가은,이준혁,으라차차 와이키키 2,2.1%,1.0,5.662,4.0310625,17991,이별 후에 다시 사랑에 빠진 두 남녀가 어제의 기억과 내일의 사랑을 지켜내는 로맨스
96,96,퍼퓸,KBS2,"월, 화",32부작, 2019.6.3~7.23,유관모,최현옥,신성록,고원희,하재숙,차예련,김민규,국민 여러분!,8.4%,5.90625,7.2,5.309375,5408,"인생을 통째로 바쳐 가족을 위해 헌신했지만, 한 가정을 파괴하고 절망에 빠진 중년 여자와 사랑에 도전해볼 용기가 없어서 우물쭈물하다가 스텝이 꼬여버린 남자의 이야기를 담은 드라마"
97,97,검색어를 입력하세요 WWW,tvN,"수, 목",16부작, 2019.6.5~7.25,권영일,권도은,임수정,이다희,전혜진,장기용,이재욱,그녀의 사생활,3.1%,1.0625,4.199,3.4706875,51663,"트렌드를 이끄는 포털사이트, 그 안에서 당당하게 일하는 여자들과 그녀들의 마음을 흔드는 남자들의 리얼 로맨스를 그린 드라마"
98,98,조선생존기,TV조선,"토, 일",16부작, 2019.6.8~8.17,장용우,박민우,서지석,경수진,송원석,박세완,이재윤,,,2.8125,1.74,1.2455625,929,"가난하지만 단 한 가지 반드시 지켜야 할 것이 있는 2019년의 청춘 정록과 사람대접 못 받는 천출, 애초에 가진 게 없어 잃을 것도 없는 1562년의 청춘 임꺽정이 만나 펼치는 유쾌한 활극 드라마"
99,99,"60일, 지정생존자",tvN,"월, 화",16부작, 2019.7.1~8.20,유종선,김태희,지진희,이준혁,허준호,강한나,배종옥,어비스,3.9%,1.0,6.178,4.4643125,357,갑작스러운 국회의사당 폭탄 테러로 대통령을 잃은 대한민국에서 환경부 장관 박무진이 60일간의 대통령 권한대행으로 지정되면서 테러의 배후를 찾아내고 가족과 나라를 지키며 성장하는 이야기를 그린 드라마
100,100,평일 오후 세시의 연인,채널A,"금, 토",16부작, 2019.7.5~8.24,김정민,유소정,박하선,예지원,이상엽,조동혁,정상훈,,,1.5625,2.118,1.5401875,2155,금기된 사랑으로 인해 혹독한 홍역을 겪는 어른들의 성장드라마
101,101,호텔 델루나,tvN,"토, 일",16부작, 2019.7.13~9.1,김정현,홍미란,이지은,여진구,조현철,박유나,신정근,아스달 연대기,7.7%,1.0,12.001,8.8673125,230044,엘리트 호텔리어가 운명적인 사건으로 호텔 델루나의 지배인을 맡게 되면서 달처럼 고고하고 아름답지만 괴팍한 사장과 함께 델루나를 운영하며 생기는 특별한 이야기를 그린 드라마
102,102,신입사관 구해령,MBC,"수, 목",40부작, 2019.7.17~9.26,한현희,김호수,신세경,차은우,박기웅,이지훈,박지현,봄밤,9.5%,6.025,7.3,5.2875,5672,조선의 첫 문제적 여사(女史) 구해령과 반전 모태솔로 왕자 이림의 ‘필’ 충만 로맨스 실록을 담은 드라마
103,103,저스티스,KBS2,"수, 목",32부작, 2019.7.17~9.5,황승기,정찬미,최진혁,손현주,나나,박성훈,이학주,"단, 하나의 사랑",9.4%,5.78125,7.0,5.24375,338,복수를 위해 악마와 거래한 타락한 변호사 이태경과 가족을 위해 스스로 악이 된 남자 송우용이 여배우 연쇄 실종 사건의 한가운데서 부딪히며 대한민국 VVIP들의 숨겨진 뒷모습을 파헤치는 소셜 스릴러
104,104,미스터 기간제,OCN,"수, 목",16부작, 2019.7.17~9.5,성용일,장홍철,윤균상,금새록,이준영,최규진,한소은,구해줘 2,3.6%,1.3125,4.781,3.300875,1389,"상위 0.1% 명문고에서 벌어진 의문의 살인사건, 진실을 밝히려는 속물 변호사의 잠입 작전을 그린 드라마"
105,105,의사요한,SBS,"금, 토",16부작, 2019.7.19~9.7,김영환,김지운,지성,이세영,이규형,황희,정민아,녹두꽃,11.5%,2.8125,12.3,9.61875,7630,통증의학과 의사들의 이야기를 그린 휴먼 메디컬 드라마
106,106,열여덟의 순간,JTBC,"월, 화",16부작, 2019.7.22~9.10,심나연,윤경아,옹성우,김향기,신승호,강기영,이승민,바람이 분다,5.7%,1.0,3.882,3.40175,28820,위태롭고 미숙한 'Pre-청춘'들의 세상을 있는 그대로 들여다보는 감성 청춘 드라마
107,107,악마가 너의 이름을 부를 때,tvN,"수, 목",16부작, 2019.7.31~9.19,민진기,고내리,정경호,박성웅,이설,이엘,송강,,,2.1875,3.066,1.936125,9905,악마에게 영혼을 판 스타 작곡가 하립이 계약 만료를 앞두고 인생을 걸고 일생일대 게임을 펼치는 영혼 담보 코믹 판타지 드라마
108,108,웰컴2라이프,MBC,"월, 화",32부작, 2019.8.5~9.24,심소연,유희경,정지훈,임지연,곽시양,한상진,홍진기,검법남녀 시즌2,9.9%,4.8125,6.8,4.775,2116,오로지 자신의 이득을 위해 '법꾸라지'를 돕는 마이웨이 변호사가 불운의 사고로 다른 평행 세계에 빨려 들어가 강직한 '프로 궁상러' 검사로 180도 달라진 인생을 살게 되면서 펼쳐지는 대리만족 판타지 드라마
109,109,너의 노래를 들려줘,KBS2,"월, 화",32부작, 2019.8.5~9.24,최상열,김민주,연우진,김세정,송재림,박지연,이시원,,,8.4375,4.0,3.0125,2991,살인사건이 있었던 ‘그날’의 기억을 전부 잃은 팀파니스트가 수상한 음치남을 만나 잃어버린 진실을 찾아가는 미스터리 로코
110,110,멜로가 체질,JTBC,"금, 토",16부작, 2019.8.9~9.28,김혜영,김영영,천우희,전여빈,한지은,안재홍,공명,보좌관 - 세상을 움직이는 사람들,5.3%,2.1875,1.849,1.488125,312668,"서른 살 여자 친구들의 고민, 연애, 일상을 그린 코믹드라마"
111,111,우아한 가,MBN,"수, 목",16부작, 2019.8.21~10.17,육정용,권민수,임수향,이장우,배종옥,정원중,문희경,레벨업,1.4%,1.0,8.478,4.92525,2453,대한민국 상위 1% 재벌가에 숨겨진 은밀한 비밀과 거대한 기업의 부를 유지하기 위해서라면 수단과 방법을 가리지 않는 물밑의 킹메이커 오너리스크 팀의 이야기
112,112,위대한 쇼,tvN,"월, 화",16부작, 2019.8.26~10.15,김정욱,설준석,송승헌,이선빈,임주환,노정의,정준원,"60일, 지정생존자",6.2%,1.0,3.243,2.5983125,2115,전 국회의원 위대한이 국회 재입성을 위해 문제투성이 사남매를 가족으로 받아들이며 벌어지는 이야기를 담은 드라마
113,113,시크릿 부티크,SBS,"수, 목",16부작, 2019.9.18~11.28,박형기,허선희,김선아,장미희,박희본,고민시,김재영,닥터탐정,5.7%,6.625,6.0,4.58125,372,"강남 목욕탕 세신사에서 재벌인 데오가(家)의 하녀로, 또다시 정재계 비선 실세로 거듭 성장한 ‘제니장’이 국제도시개발이란 황금알을 손에 쥐고 데오가 여제(女帝) 자리를 노리는 이야기"
114,114,동백꽃 필 무렵,KBS2,"수, 목",40부작, 2019.9.18~11.21,차영훈,임상춘,공효진,강하늘,김지석,지이수,오정세,저스티스,7.0%,2.625,23.8,13.86,69704,"편견에 갇힌 맹수 동백을 깨우는, 촌므파탈 황용식이의 폭격형 로맨스 ""사랑하면 다 돼!"" 이들을 둘러싼 생활밀착형 치정 로맨스 ""사랑 같은 소리하네"""
115,115,쌉니다 천리마마트,tvN,금,12부작, 2019.9.20~12.6,백승룡,김솔지,김병철,이동휘,정혜성,정민성,강홍석,,,1.0,3.378,2.741166667,4126,"DM그룹의 공식 유배지, 재래 상권에도 밀리는 저품격 무사태평 천리마마트를 기사회생시키려는 엘리트 점장과 마트를 말아먹으려는 휴먼 불도저 사장의 사생결단 코믹 뺨타지 드라마"
116,116,배가본드,SBS,"금, 토",16부작, 2019.9.20~11.23,유인식,정경순,이승기,배수지,신성록,문정희,백윤식,의사요한,12.3%,3.0,13.0,10.99375,12777,민항 여객기 추락 사고에 연루된 한 남자가 은폐된 진실 속에서 찾아낸 거대한 국가 비리를 파헤치게 되는 과정을 그린 드라마
117,117,청일전자 미쓰리,tvN,"수, 목",16부작, 2019.9.25~11.14,한동화,박정화,이혜리,김상경,엄현경,차서원,김응수,악마가 너의 이름을 부를 때,3.1%,1.0,3.902,2.859125,2102,위기의 중소기업 직원들이 삶을 버텨내며 함께 성장하는 과정을 그린 드라마
118,118,날 녹여주오,tvN,"토, 일",16부작, 2019.9.28~11.17,신우철,백미경,지창욱,원진아,윤세아,윤석화,윤석화,아스달 연대기,7.7%,1.25,3.201,2.1501875,5719,"24시간 냉동 인간 프로젝트에 참여한 남녀, 미스터리한 음모로 인해 20년 후 깨어나면서 맞이하는 가슴 뜨거운 이야기를 담은 드라마"
119,119,조선로코-녹두전,KBS2,"월, 화",32부작, 2019.9.30~11.25,강수연,백소연,장동윤,김소현,강태오,정준호,김태우,너의 노래를 들려줘,4.0%,4.5,8.3,6.20625,21875,미스터리한 과부촌에 여장을 하고 잠입한 전녹두와 기생이 되기 싫은 반전 있는 처자 동동주의 발칙하고 유쾌한 조선판 로맨틱 코미디를 그린 드라마
120,120,어쩌다 발견한 하루,MBC,"수, 목",32부작, 2019.10.2~11.21,김상우,송하영,김혜윤,로운,이재욱,이나은,정건주,신입사관 구해령,7.3%,8.935483871,4.1,3.238709677,29485,여고생 단오가 정해진 운명을 거스르고 사랑을 이뤄내는 본격 학원 로맨스 드라마
121,121,나의 나라,JTBC,"금, 토",16부작, 2019.10.4~11.23,김진원,윤희정,양세종,우도환,김설현,장혁,김영철,멜로가 체질,1.8%,1.0,4.989,4.3205625,10201,고려 말 조선 초를 배경으로 각자의 신념이 말하는 ‘나의 나라’를 두고 서로에게 칼끝을 겨누며 권력과 수호에 관한 욕망을 폭발적으로 그려낸 액션 사극
122,122,모두의 거짓말,OCN,"토, 일",16부작, 2019.10.12~12.1,이윤정,원유정,이민기,이유영,이준혁,김시은,윤종석,타인은 지옥이다,3.9%,3.125,2.163,1.4204375,277,아버지의 갑작스런 죽음 이후 실종된 남편을 구하기 위해 국회의원이 되는 여자와 그녀와 함께 진실을 좇는 형사의 이야기를 그린 드라마
123,123,유령을 잡아라,tvN,"월, 화",16부작, 2019.10.21~12.10,신윤섭,이영주,문근영,김선호,정유진,기도훈,조재윤,위대한 쇼,3.2%,1.0,4.148,2.8838125,2008,‘첫차부터 막차까지! 우리의 지하는 지상보다 숨 가쁘다!’ 시민들의 친숙한 이동 수단 지하철! 그 곳을 지키는 지하철 경찰대가 ‘지하철 유령’으로 불리는 연쇄살인마를 잡기 위해 사건을 해결해가는 상극콤비 밀착수사기를 그린 드라마
124,124,VIP,SBS,"월, 화",16부작, 2019.10.28~12.24,이정림,차해원,장나라,이상윤,이청아,곽선영,표예진,,,2.75,15.9,10.9375,1348,백화점 상위 1% VIP 고객을 관리하는 전담팀 사람들의 비밀스러운 프라이빗 오피스 멜로
125,125,싸이코패스 다이어리,tvN,"수, 목",16부작, 2019.11.20~2020.1.9,이종재,김환채 외,윤시윤,정인선,박성훈,이한위,황효은,청일전자 미쓰리,3.9%,1.5625,2.983,2.150375,558,어쩌다 목격한 살인사건 현장에서 도망치던 중 사고로 기억을 잃은 호구 육동식이 우연히 얻게 된 살인 과정이 기록된 다이어리를 보고 자신이 싸이코패스 연쇄살인마라고 착각하며 벌어지는 이야기를 그린 드라마
126,126,하자있는 인간들,MBC,"수, 목",32부작, 2019.11.27~2020.1.16,오진석,안신유,오연서,안재현,김슬기,구원,허정민,어쩌다 발견한 하루,4.1%,8.78125,4.0,2.64375,4121,"꽃미남 혐오증 여자와 외모집착증이 있는 남자, 하자가 있는 그들의 편견을 극복해나가는 과정을 담는 코믹 로맨스 드라마"
127,127,초콜릿,JTBC,"금, 토",16부작, 2019.11.29~2020.1.18,이형민,이경희,하지원,윤계상,장승조,유태오,민진웅,나의 나라,5.0%,1.0,4.603,4.156875,35482,"메스처럼 차가운 뇌신경외과 의사 이강과 음식으로 사람들의 마음을 어루만지는 불처럼 따뜻한 셰프 문차영, 호스피스 병동에서 재회한 두 남녀가 요리를 통해 서로의 상처를 치유하는 휴먼 멜로"
128,128,99억의 여자,KBS2,"수, 목",32부작, 2019.12.4~2020.1.23,유관모,한지훈,조여정,김강우,정웅인,오나라,이지훈,동백꽃 필 무렵,23.8%,3.5625,11.6,8.953125,599,우연히 현찰 99억의 움켜쥔 여자가 세상과 맞서 싸우는 이야기를 그린 드라마
129,129,스토브리그,SBS,"금, 토",16부작, 2019.12.13~2020.2.14,정동윤,이신화,남궁민,박은빈,오정세,조병규,손종학,배가본드,13.0%,2.8125,19.1,13.89375,5259,프로야구 꼴찌팀에 새로 부임한 단장이 시즌을 준비하는 이야기를 다룬 드라마
130,130,사랑의 불시착,tvN,"토, 일",16부작, 2019.12.14~2020.2.16,김나영,박지은,현빈,손예진,서지혜,김정현,전국환,날 녹여주오,3.2%,1.0,21.683,12.1499375,245486,어느 날 돌풍과 함께 패러글라이딩 사고로 북한에 불시착한 재벌 상속녀 윤세리와 그녀를 숨기고 지키다 사랑하게 되는 특급장교 리정혁의 절대극비 러브스토리를 그린 드라마
131,131,간택 - 여인들의 전쟁,TV조선,"토, 일",16부작, 2019.12.14~2020.2.9,김정민,최수미,진세연,김민규,도상우,이열음,이시언,,,1.5,6.348,3.848375,882,"쌍둥이 언니를 죽인 범인을 찾기 위해 왕비가 되려 하는 한 여인과 예지몽을 통해 그 여인을 보는 조선의 왕, 간택을 둘러싸고 벌어지는 그들의 치열하고 애달픈 궁중 서바이벌 로맨스"
132,132,블랙독,tvN,"월, 화",16부작, 2019.12.16~2020.2.4,황준혁,박주연,서현진,라미란,하준,이창훈,정해균,유령을 잡아라,4.1%,1.0,5.482,4.5035625,4705,기간제 교사가 된 사회 초년생 고하늘이 우리 삶의 축소판인 '학교'에서 꿈을 지키며 살아남기 위해 고군분투하는 이야기
133,133,검사내전,JTBC,"월, 화",16부작, 2019.12.16~2020.2.11,이태곤,이현,이선균,정려원,이성재,김광규,이상희,보좌관 2 - 세상을 움직이는 사람들,5.3%,1.0625,5.042,3.8116875,8394,미디어 속 화려한 법조인이 아닌 지방도시 진영에서 하루하루 살아가는 평범한 ‘직장인 검사’들의 이야기
134,134,터치,채널A,"금, 토",16부작, 2020.1.3~2.22,민연홍,안호경,주상욱,김보라,이태환,한다감,변정수,,,4.9375,1.154,0.7854375,320,빚쟁이 실업자로 전락한 메이크업 아티스트와 10년을 거치고도 데뷔에 실패한 연습생이 만나 다시 꿈을 찾아가고 뜨겁게 사랑하는 로맨틱 코미디 드라마
135,135,머니게임,tvN,"수, 목",16부작, 2020.1.15~3.5,김상호,이영미,고수,이성민,심은경,유태오,최병모,싸이코패스 다이어리,3.0%,1.6875,3.52,1.9654375,352,대한민국의 운명이 걸린 최악의 금융 스캔들 속에서 국가적 비극을 막으려는 이들의 숨가쁜 사투와 첨예한 신념의 대립을 그린 드라마
136,136,포레스트,KBS2,"수, 목",32부작, 2020.1.29~3.19,오종록,이선영,박해진,조보아,정연주,노광식,류승수,99억의 여자,11.6%,5.125,7.4,5.01875,1669,현실적인 욕망을 지닌 인물들이 각자 행복하지 않은 기억으로 입은 마음의 상처를 '숲'이라는 공간에 모여들면서 치유해나가고 행복의 본질을 깨닫는 내용을 그린 드라마
137,137,이태원 클라쓰,JTBC,"금, 토",16부작, 2020.1.31~3.21,김성윤,광진,박서준,김다미,유재명,권나라,김동희,초콜릿,4.6%,1.0,16.548,11.8319375,246183,"불합리한 세상 속, 고집과 객기로 뭉친 청춘들의 ‘힙’한 반란이 시작된다. 세계를 압축해 놓은 듯 한 이태원. 이 작은 거리, 각자의 가치관으로 자유를 쫓는 그들의 창업 신화 [이태원 클라쓰]"
138,138,본 대로 말하라,OCN,"토, 일",16부작, 2020.2.1~3.22,장양호,한기현,장혁,최수영,진서연,장현성,류승수,,,2.125,4.388,2.8995625,1914,모든 것을 잃은 천재 프로파일러와 한 번 본 것은 그대로 기억하는 능력을 가진 형사가 죽은 줄 알았던 연쇄살인마를 추적하는 오감 서스펜스 스릴러
139,139,방법,tvN,"월, 화",12부작, 2020.2.10~3.17,김용완,연상호,엄지원,정지소,성동일,조민수,정문성,블랙독,5.5%,1.0,6.721,4.23275,991,"한자이름, 사진, 소지품으로 죽음에 이르게 하는 저주의 능력을 가지고 있는 10대 소녀와 정의감 넘치는 사회부 기자가 IT 대기업 뒤에 숨어 있는 거대한 악과 맞서 싸우는 이야기를 담은 드라마"
140,140,하이에나,SBS,"금, 토",16부작, 2020.2.21~4.11,장태유,김루리,김혜수,주지훈,이경영,김호정,송영규,스토브리그,19.1%,3.5625,14.6,11.1375,81308,"머릿속엔 법을, 가슴속엔 돈을 품은 '똥묻겨묻' 변호사들의 물고 뜯고 찢는 하이에나식 생존기를 그린 드라마"
141,141,"하이바이, 마마!",tvN,"토, 일",16부작, 2020.2.22~4.19,유제원,권혜주,김태희,이규형,고보결,서우진,김미경,사랑의 불시착,21.7%,1.0,6.519,5.4725625,6919,사고로 가족의 곁을 떠나게 된 차유리가 사별의 아픔을 딛고 새 인생을 시작한 남편 조강화와 딸아이 앞에 다시 나타나면서 벌어지는 고스트 엄마의 49일 리얼 환생 스토리
142,142,날씨가 좋으면 찾아가겠어요,JTBC,"월, 화",16부작, 2020.2.24~4.21,한지승,한가람,박민영,서강준,문정희,이재욱,임세미,검사내전,5.0%,1.0625,2.667,2.291625,15065,서울 생활에 지쳐 북현리로 내려간 해원이 독립 서점을 운영하는 은섭을 다시 만나게 되며 펼쳐지는 가슴 따뜻한 힐링 로맨스
143,143,아무도 모른다,SBS,"월, 화",16부작, 2020.3.2~4.21,이정흠,김은향,김서형,류덕환,박훈,안지호,문성근,낭만닥터 김사부 2,27.1%,3.125,11.4,9.60625,1776,"""좋은 어른을 만났다면 내 인생은 달라졌을까"" 경계에 선 아이들, 그리고 아이들을 지키고 싶었던 어른들의 '미스터리 감성 추적극'"
144,144,메모리스트,tvN,"수, 목",16부작, 2020.3.11~4.30,소재현 외,황하나,유승호,이세영,조성하,고창석,윤지온,머니게임,3.5%,1.625,3.434,2.8356875,205,국가공인 초능력 형사 동백과 초엘리트 프로파일러 한선미가 미스터리한 '절대악' 연쇄살인마를 추적하는 육감만족 끝장수사극
145,145,그 남자의 기억법,MBC,"수, 목",32부작, 2020.3.18~5.13,이수현,윤지현,김동욱,문가영,윤종훈,김슬기,이주빈,더 게임:0시를 향하여,4.6%,6.53125,5.4,3.496875,6847,과잉기억증후군으로 1년 365일 8760시간을 모조리 기억하는 앵커 이정훈과 열정을 다해 사는 라이징 스타 여하진의 상처 극복 로맨스를 그린 드라마
146,146,어서와,KBS2,"수, 목",24부작, 2020.3.25~4.30,지병현,주화미,김명수,신예은,서지훈,윤예주,강훈,포레스트,7.4%,8.434782609,3.6,1.730434783,12657,남자로 변하는 고양이와 강아지 같은 여자의 미묘한 반려 로맨스 드라마
147,147,부부의 세계,JTBC,"금, 토",16부작, 2020.3.27~5.16,모완일,주현,김희애,박해준,한소희,박선영,김영민,이태원 클라쓰,16.5%,1.0,28.371,18.829625,11272,사랑이라고 믿었던 부부의 연이 배신으로 끊어지면서 소용돌이에 빠지는 이야기
148,148,유별나! 문셰프,채널A,"금, 토",16부작, 2020.3.27~5.16,정헌수,정유리,에릭,고원희,고도연,최광제,정규수,터치,1.2%,5.125,0.856,0.6431875,4546,"별 많고 달 밝은 서하마을에서 기억을 잃고 천방지축 사고뭉치로 전락한 세계적인 패션 디자이너 유벨라가 스타 셰프인 문승모와 만나 성장과 사랑, 성공을 만들어 가는 힐링 로맨틱 코미디 드라마"
149,149,루갈,OCN,"토, 일",16부작, 2020.3.28~5.17,강철우,도현,최진혁,박성웅,조동혁,정혜인,한지완,본 대로 말하라,4.4%,3.375,3.884,2.233,3748,바이오 생명공학 기술로 특별한 능력을 얻은 인간 병기들이 모인 특수조직 '루갈'이 대한민국 최대 테러집단 '아르고스'에 맞서 싸우는 액션 히어로 드라마
150,150,더 킹 : 영원의 군주,SBS,"금, 토",16부작, 2020.4.17~6.12,정지현,김은숙,이민호,김고은,우도환,김경남,정은채,하이에나,14.6%,2.875,11.6,8.5125,19295,"악마에 맞서 차원의 문(門)을 닫으려는 이과(理科)형 대한제국 황제 이곤과 누군가의 삶, 사람, 사랑을 지키려는 문과(文科)형 대한민국 형사 정태을의 두 세계를 넘나드는 공조를 그린 로맨스 드라마"
151,151,본 어게인,KBS2,"월, 화",32부작, 2020.4.20~6.9,이현석,정수미,장기용,장기용,진세연,진세연,이수혁,계약우정,2.7%,9.8125,4.1,2.359375,2707,두 번의 생으로 얽힌 세 남녀의 운명과 부활을 그리는 환생 미스터리 멜로 드라마
152,152,굿캐스팅,SBS,"월, 화",16부작, 2020.4.27~6.16,최영훈,박지하,최강희,이상엽,유인영,김지영,이준영,아무도 모른다,11.4%,2.9375,12.3,9.35625,1105,현장에서 밀려나 근근이 책상을 지키던 여성 국정원 요원들이 우연히 현장으로 차출되며 벌어지는 액션 코미디 드라마
153,153,영혼수선공,KBS2,"수, 목",32부작, 2020.5.6~6.25,유현기,이향희,신하균,정소민,태인호,박예진,주민경,어서와,3.6%,7.09375,5.2,2.5625,4420,미친 세상을 살아가는 미쳐가는 사람들을 위한 정신과의사들 이야기
154,154,오 마이 베이비,tvN,"수, 목",16부작, 2020.5.13~7.2,남기훈,노선재,장나라,고준,박병은,정건주,김혜옥,메모리스트,3.4%,1.3125,2.95,1.9529375,9138,결혼은 건너뛰고 아이만 낳고 싶은 솔직당당 육아지 기자 장하리와 뒤늦게 그녀의 눈에 포착된 세 남자의 과속필수 로맨스 드라마
155,155,꼰대인턴,MBC,"수, 목",24부작, 2020.5.20~7.1,남성우,신소라,박해진,김응수,한지은,박기웅,노종현,그 남자의 기억법,5.4%,4.375,7.1,5.3,30655,최악의 꼰대 부장을 부하직원으로 맞게 된 남자의 통쾌한 갑을 체인지 복수극이자 시니어 인턴의 잔혹 일터 사수기를 그린 코믹 오피스물
156,156,쌍갑포차,JTBC,"수, 목",12부작, 2020.5.20~6.25,전창근,하윤아,황정음,육성재,최원영,이준혁,정다은,,,1.0,3.672,2.917916667,10429,까칠한 포차 이모님과 순수청년 알바생이 손님들의 꿈속에 들어가 맺힌 한을 풀어주는 오리엔탈 판타지 카운슬링 드라마
157,157,번외수사,OCN,"토, 일",12부작, 2020.5.23~6.28,강효진,정윤선,차태현,이선빈,정상훈,윤경호,지승현,루갈,3.9%,2.0,4.389,2.840083333,829,"수단 방법 가리지 않고, 범인 잡는 꼴통 형사와 한 방을 노리는 열혈PD를 앞세운 다섯 아웃사이더들의 범죄소탕 액션 수사물"
158,158,야식남녀,JTBC,"월, 화",12부작, 2020.5.25~6.30,송지원,박승혜,정일우,강지영,이학주,김승수,김수진,,,2.333333333,1.531,0.775166667,623,"야식 힐링 셰프 진성, 열혈 피디 아진, 잘 나가는 디자이너 태완의 알고 보니 경로이탈 삼각 로맨스"
159,159,저녁 같이 드실래요?,MBC,"월, 화",32부작, 2020.5.25~7.14,박봉섭,이수하,송승헌,서지혜,이지훈,손나은,이현진,,,6.09375,6.1,3.996875,12227,이별의 상처와 홀로 문화로 인해 사랑 감정이 퇴화된 두 남녀가 저녁 식사를 매개로 감정을 회복하며 사랑을 찾아가는 이야기를 담은 드라마
160,160,(아는 건 별로 없지만) 가족입니다,tvN,"월, 화",16부작, 2020.6.1~7.21,권영일,김은정,한예리,김지석,추자현,정진영,원미경,,,1.0,5.434,4.1776875,4691,"가족 같은 타인과, 타인 같은 가족의 오해와 이해에 관한 이야기를 담은 드라마"
161,161,편의점 샛별이,SBS,"금, 토",16부작, 2020.6.19~8.8,이명우,손근주,지창욱,김유정,한선화,도상우,솔빈,더 킹 : 영원의 군주,11.6%,3.0,9.5,7.51875,16895,똘기 충만 4차원 알바생과 허당끼 넘치는 훈남 점장이 편의점을 무대로 펼치는 24시간 예측불허 코믹 로맨스
162,162,사이코지만 괜찮아,tvN,"토, 일",16부작, 2020.6.20~8.9,박신우,조용,김수현,서예지,오정세,박규영,김주헌,화양연화 - 삶이 꽃이 되는 순간,5.4%,1.0,7.348,5.719,43141,버거운 삶의 무게로 사랑을 거부하는 정신 병동 보호사 강태와 태생적 결함으로 사랑을 모르는 동화 작가 문영이 서로의 상처를 보듬고 치유해가는 한 편의 판타지 동화 같은 사랑에 관한 조금 이상한 로맨틱 코미디
163,163,출사표,KBS2,"수, 목",16부작, 2020.7.1~8.20,최연수,문현경,나나,박성훈,유다인,한준우,안내상,영혼수선공,5.2%,5.3125,3.7,3.0875,4128,취업 대신 출마를 외친 청년들과 '정치 만렙' 의원들의 이야기를 담은 명랑 코믹 정치 오피스 드라마
164,164,그놈이 그놈이다,KBS2,"월, 화",16부작, 2020.7.6~9.1,이호,이은영,황정음,윤현민,서지훈,최명길,조우리,,,4.6875,4.4,3.38125,4140,‘그놈이 그놈’이기에 '비혼주의자'가 된 한 여자가 어느 날 상반된 매력의 두 남자로부터 직진 대시를 받으면서 벌어지는 아슬아슬한 비혼 사수 로맨틱 코미디 드라마
165,165,"우리, 사랑했을까",JTBC,"수, 목",16부작, 2020.7.8~9.2,김도형,이승진,송지효,손호준,송종호,구자성,김민준,쌍갑포차,3.7%,1.0,2.202,1.9218125,6144,"14년차 생계형 독수공방 싱글맘 앞에 나쁜데 끌리는 놈, 짠한데 잘난 놈, 무서운데 섹시한 놈, 어린데 설레는 놈이 나타나며 펼쳐지는 사남(4男)초가 리부팅 로맨스"
166,166,우아한 친구들,JTBC,"금, 토",17부작, 2020.7.10~9.5,박소연,김경선,유준상,송윤아,배수빈,김성오,정석용,,,1.176470588,5.081,4.259235294,1045,갑작스러운 친구의 죽음으로 평화로운 일상에 균열이 생긴 20년 지기 친구들과 그 부부들의 이야기를 그린 미스터리 드라마
167,167,트레인,OCN,"토, 일",12부작, 2020.7.11~8.16,이승훈,박가연,윤시윤,경수진,신소율,이항나,남문철,,,4.545454545,1.433,1.273,254,"살인사건이 있던 밤, 순간의 선택으로 갈라진 두 개의 세계! 소중한 사람을 지키기 위해 연쇄살인에 개입하는 형사의 평행세계 미스터리 드라마"
168,168,악의 꽃,tvN,"수, 목",16부작, 2020.7.29~9.23,윤종호,유정희,이준기,문채원,장희진,서현우,남기애,,,1.0,5.715,3.9273125,14802,14년간 사랑해 온 남편이 피도 눈물도 없는 연쇄살인마로 의심된다면? 사랑마저 연기한 남자 희성과 그의 실체를 의심하기 시작한 아내 지원. 외면하고 싶은 진실 앞에 마주 선 두 사람의 고밀도 감성 추적극
169,169,내가 가장 예뻤을 때,MBC,"수, 목",16부작, 2020.8.19~10.15,송연화,조현경,임수향,지수,하석진,황승언,스테파니 리,십시일반,3.9%,5.0625,5.0,3.51875,9625,"한 여자를 지켜주고 싶었던 형제. 그리고 그들 사이에서 갈 수 없는 길, 운명 속에 갇혀버린 한 여자의 가슴 아픈 사랑 이야기를 담은 드라마"
170,170,앨리스,SBS,"금, 토",16부작, 2020.8.28~10.24,백수찬,강철규 외,김희선,주원,김희선,곽시양,이다인,,,3.0,10.6,8.4,8483,죽음으로 인해 영원한 이별을 하게 된 남녀가 시간과 차원의 한계를 넘어 마법처럼 다시 만나게 되면서 벌어지는 이야기
171,171,브람스를 좋아하세요?,SBS,"월, 화",16부작, 2020.8.31~10.20,조영민,류보리,박은빈,김민재,김성철,박지현,이유진,,,4.3125,6.3,5.6,47107,스물아홉 경계에 선 클래식 음악 학도들의 아슬아슬 흔들리는 꿈과 사랑에 관한 이야기
172,172,거짓말의 거짓말,채널A,"금, 토",16부작, 2020.9.4~10.24,김정욱,김지은,이유리,연정훈,이일화,임주은,권화운,유별나! 문셰프,0.9%,1.1875,8.203,4.3449375,3048,입양된 친딸의 새엄마가 되기 위해 거짓 사랑을 시작한 한 여자의 서스펜스 멜로드라마
173,173,청춘기록,tvN,"월, 화",16부작, 2020.9.7~10.27,안길호,하명희,박보검,박소담,변우석,권수현,하희라,,,1.0,8.74,7.6278125,49838,현실의 벽에 절망하지 않고 스스로 꿈과 사랑을 이루기 위해 노력하는 청춘들의 성장 기록을 담은 드라마
174,174,좀비탐정,KBS2,"월, 화",12부작, 2020.9.21~10.27,심재현,백은진,최진혁,박주현,태항호,이중옥,안세하,그놈이 그놈이다,4.4%,7.5,3.7,2.983333333,2870,부활 2년 차 좀비가 탐정이 되어 자신의 과거를 찾기 위해 고군분투하는 좀비 공생 휴먼 코믹 드라마
175,175,18 어게인,JTBC,"월, 화",16부작, 2020.9.21~11.10,하병훈,안은빈 외,김하늘,윤상현,이도현,김유리,위하준,모범형사,7.6%,1.1875,3.209,2.7248125,17023,이혼 직전 18년 전 리즈시절로 돌아간 남편의 이야기
176,176,경우의 수,JTBC,"금, 토",16부작, 2020.9.25~11.28,최성범,조승희,옹성우,신예은,김동준,안은진,백수민,우아한 친구들,5.1%,2.25,1.612,1.4220625,13756,10년에 걸쳐 서로를 짝사랑하는 여자와 남자의 리얼 청춘 로맨스
177,177,달이 뜨는 강,KBS2,"월, 화",20부작, 2021.2.15~4.20,윤상호,한지훈,김소현,나인우,이지훈,최유화,강하늘,암행어사: 조선비밀수사단,14.0%,3.05,10.0,8.685,2597,고구려가 삶의 전부였던 공주 '평강' 사랑을 역사로 만든 장군 '온달' 운명에 굴하지 않은 그들의 순애보!
178,178,안녕? 나야!,KBS2,"수, 목",16부작, 2021.2.17~4.8,이현석,유송이,최강희,김영광,이레,음문석,김유미,,,4.75,5.1,3.825,7644,연애도 일도 꿈도 모두 뜨뜻미지근해진 37살의 여주인공이 세상 어떤 것도 두렵지 않았고 모든 일에 뜨거웠던 17살의 자신과 마주하게 되는 판타지 성장 로맨틱 코미디
179,179,시지프스 : the myth,JTBC,"수, 목",16부작, 2021.2.17~4.8,진혁,전찬호,조승우,박신혜,김병철,성동일,태인호,런 온,3.8%,1.133333333,6.677,4.9630625,3164,우리의 세상에 정체를 숨기고 살아가고 있는 존재를 밝혀내려는 천재공학자 한태술과 그를 위해 멀고도 위험한 길을 거슬러온 구원자 강서해의 여정을 그린 판타지 미스터리 드라마
180,180,괴물,JTBC,"금, 토",16부작, 2021.2.19~4.10,심나연,김수진,신하균,여진구,최성은,최대훈,김신록,허쉬,3.4%,1.5,5.991,4.7156875,2904,'괴물은 누구인가. 너인가. 나인가. 우리인가.' 만양에서 펼쳐지는 괴물 같은 두 남자의 심리 추적 스릴러
181,181,빈센조,tvN,"토, 일",20부작, 2021.2.20~5.2,김희원,박재범,송중기,전여빈,옥택연,유재명,김여진,철인왕후,17.4%,1.0,14.636,10.4407,9327,조직의 배신으로 한국으로 오게 된 이탈리아 마피아 변호사가 베테랑 독종 변호사와 함께 악당의 방식으로 악당을 쓸어버리는 이야기
182,182,마우스,tvN,"수, 목",20부작, 2021.3.3~5.19,최준배,최란,이승기,이희준,박주현,경수진,안재욱,여신강림,4.6%,1.0,6.672,5.51245,5433,"자타 공인 바른 청년이자 동네 순경인 정바름과 어린 시절 살인마에게 부모를 잃고 복수를 향해 달려온 무법 형사 고무치가 사이코패스 중 상위 1퍼센트로 불리는 가장 악랄한 프레데터와 대치 끝, 운명이 송두리째 뒤바뀌는 모습을 그려낸 본격 인간 헌터 추적극"
183,183,어쩌다 가족,TV조선,일,12부작, 2021.3.21~6.6,이채승,성윤진 외,성동일,진희경,김광규,오현경,서지석,,,4.166666667,1.444,0.969583333,196,공항 근처에서 하숙집을 운영하는 성동일-진희경 부부와 에어포유 항공사에 근무하는 다양한 직종의 사람들이 ‘하숙’으로 연을 맺은 색다른 가족 구성의 예능드라마
184,184,나빌레라,tvN,"월, 화",12부작, 2021.3.22~4.27,한동화,이은미,박인환,송강,나문희,홍승희,조성하,루카 : 더 비기닝,6.3%,1.0,3.679,3.01425,16768,나이 일흔에 발레를 시작한 '덕출'과 스물셋 꿈 앞에서 방황하는 발레리노 '채록'의 성장을 그린 사제듀오 청춘기록 드라마
185,185,오! 주인님,MBC,"수, 목",16부작, 2021.3.24~5.13,오다영,조진국,이민기,나나,강민혁,이휘향,선우재덕,,,7.625,2.6,1.7125,4428,연애를 '안' 하는 남자와 연애를 '못' 하는 여자의 심장밀착 반전 로맨스
186,186,연모,KBS2,"월, 화",20부작, 2021.10.11~12.14,송현욱,한희정,박은빈,로운,남윤수,최병찬,배윤경,경찰수업,8.5%,3.4,12.1,7.975,12144,쌍둥이로 태어나 여아라는 이유만으로 버려졌던 아이가 오라비 세손의 죽음으로 남장을 통해 세자가 되면서 벌어지는 비밀스러운 궁중 로맨스 드라마
187,187,너를 닮은 사람,JTBC,"수, 목",16부작, 2021.10.13~12.2,임현욱,유보라,고현정,신현빈,김재영,최원영,김보연,,,1.0,3.636,2.6370625,18898,"자신의 욕망에 충실했던 한 여자와 그 여자와의 만남으로 삶의 빛을 잃은 또 다른 여자의 이야기를 통해 벌어지는 치정과 배신, 타락과 복수를 담은 드라마"
188,188,지리산,tvN,"토, 일",16부작, 2021.10.23~12.12,이응복,김은희,전지현,주지훈,성동일,오정세,조한철,갯마을 차차차,12.7%,1.0,10.663,8.38525,49825,지리산 국립공원 최고의 레인저 서이강과 말 못 할 비밀을 가진 신입 레인저 강현조가 산에서 일어나는 의문의 사고를 파헤치며 벌어지는 이야기를 그린 미스터리 드라마
189,189,키마이라,OCN,"토, 일",16부작, 2021.10.30~12.19,김도훈,이진매,박해수,이희준,수현,차주영,남기애,,,4.125,2.39,1.4413125,113,과거의 연쇄살인 사건과 비슷한 사고가 재발하자 사건의 진범을 찾고 숨겨진 비밀을 파헤치는 드라마
190,190,구경이,JTBC,"토, 일",12부작, 2021.10.30~12.12,이정흠,성초이,이영애,김혜준,김해숙,곽선영,백성철,인간실격,4.2%,1.333333333,2.747,2.14175,1417,게임과 술이 세상의 전부인 경찰 출신 보험조사관 구경이가 완벽하게 사고로 위장된 의문의 연쇄살인사건을 파헤치는 코믹 탐정극
191,191,해피니스,tvN,"금, 토",12부작, 2021.11.5~12.11,안길호,한상운,한효주,박형식,조우진,이준혁,박주희,,,1.5,4.185,3.465083333,2541,근미래를 배경으로 계층사회의 축소판인 아파트에 고립된 이들의 생존기를 그린 도시 스릴러
192,192,너의 밤이 되어줄게,SBS,일,12부작, 2021.11.7~2022.1.23,안지숙,한상운,정인선,이준영,장동주,김종현,윤지성,,,5.416666667,2.1,1.533333333,3462,"몽유병을 앓고 있는 월드스타 아이돌과 비밀리에 이를 치료해야 하는 신분 위장 입주주치의의 달콤 살벌한, 멘탈 치유 로맨스!"
193,193,어사와 조이,tvN,"월, 화",16부작, 2021.11.8~12.28,남성우 외,이재윤,옥택연,김혜윤,이준혁,양희경,채원빈,하이클래스,5.7%,1.0,5.257,4.15675,2369,엉겁결에 등 떠밀려 어사가 되어버린 허우대만 멀쩡한 미식가 도령과 행복을 찾아 돌진하는 기별부인(이혼녀)의 명랑 코믹 커플 수사 쑈
194,194,멜랑꼴리아,tvN,"수, 목",16부작, 2021.11.10~12.30,김상협,김지운,임수정,이도현,진경,최대훈,오광록,,,1.0,3.617,2.3994375,2948,"특혜 비리의 온상인 한 사립고를 배경으로 수학 교사와 수학 천재의 통념과 편견을 뛰어넘는, 수학보다 아름다운 이야기를 그린 드라마"
195,195,"지금, 헤어지는 중입니다",SBS,"금, 토",16부작, 2021.11.12~2022.1.8,김재현,제인,송혜교,장기용,최희서,김주헌,박효주,,,4.0,8.0,6.625,11466,'이별'이라 쓰고 '사랑'이라 읽는 달고 짜고 맵고 시고 쓴 이별 액츄얼리
196,196,그 해 우리는,SBS,"월, 화",16부작, 2021.12.6~2022.1.25,이단,이나은,최우식,김다미,김성철,노정의,박진주,,,5.0,5.3,3.925,116136,함께해서 더러웠고 다신 보지 말자!로 끝났어야 할 인연이 10년이 흘러 카메라 앞에 강제 소환 되어 펼쳐지는 청춘 다큐를 가장한 아찔한 로맨스 드라마
197,197,공작도시,JTBC,"수, 목",20부작, 2021.12.8~2022.2.10,전창근,손세동,수애,김강우,김미숙,이이담,이학주,너를 닮은 사람,3.6%,1.0,4.695,3.66005,405,"대한민국 정재계를 쥐고 흔드는 성진그룹의 미술관을 배경으로, 최고의 자리에 오르고자 하는 치열한 욕망을 담은 미스터리 심리 스릴러 드라마"
198,198,엉클,TV조선,"토, 일",16부작, 2021.12.11~2022.1.30,성도준,박지숙,오정세,전혜진,이경훈,박선영,이상우,,,1.0,9.329,6.33875,1808,"준비되지 못한 미성숙한 애정결핍의 어른 아이가 그들만의 리그, 그들만이 살아야 하는 세상 로열스테이트의 노골적인 차별 속 조카를 지켜내기 위해 고군분투하는 삼촌의 모습을 담는 드라마"
199,199,배드 앤 크레이지,tvN,"금, 토",12부작, 2021.12.17~2022.1.28,유선동,김새봄,이동욱,위하준,한지은,차학연,강애심,,,1.416666667,4.473,3.255083333,952,유능하지만 ‘나쁜 놈’ 수열이 정의로운 ‘미친 놈’ K를 만나 겪게 되는 인성회복 히어로 드라마
200,200,불가살,tvN,"토, 일",16부작, 2021.12.18~2022.2.6,함승훈 외,서재원,이진욱,권나라,이준,공승연,정진영,지리산,10.7%,1.0,6.346,4.2880625,3648,"600년 동안 사람으로 죽음과 환생을 반복하며 전생을 기억하는 여자와, 600년 동안 요괴 불가살(不可殺)이 되어 죽지 못하는 남자의 이야기"
201,201,꽃 피면 달 생각하고,KBS2,"월, 화",16부작, 2021.12.20~2022.2.22,황인혁,김아록,유승호,이혜리,변우석,강미나,최원영,연모,12.1%,3.8,7.6,5.8,4021,"역사상 가장 강력한 금주령의 시대, 밀주꾼을 단속하는 원칙주의 감찰과 술을 빚어 인생을 바꿔보려는 밀주꾼 여인의 아술아술 추격 로맨스"
202,202,한 사람만,JTBC,"월, 화",16부작, 2021.12.20~2022.2.8,오현종,문정민,안은진,김경남,강예원,박수영,고두심,,,3.125,2.442,0.885125,3996,호스피스에서 만난 세 여자가 죽기 전에 나쁜 놈 ‘한사람’만 데려가겠다고 덤볐다가 삶의 진짜 소중한 ‘한사람’을 마주하게 되는 휴먼멜로드라마
